{
  "n_valid": 500,
  "n_total": 500,
  "lenient": {
    "tp": 135,
    "fp": 57,
    "fn": 5,
    "tn": 303,
    "precision": 0.703125,
    "recall": 0.9642857142857143,
    "f1": 0.8132530120481928
  },
  "last_num": {
    "tp": 128,
    "fp": 5,
    "fn": 12,
    "tn": 355,
    "precision": 0.9624060150375939,
    "recall": 0.9142857142857143,
    "f1": 0.9377289377289377
  },
  "strict": {
    "tp": 44,
    "fp": 2,
    "fn": 96,
    "tn": 358,
    "precision": 0.9565217391304348,
    "recall": 0.3142857142857143,
    "f1": 0.47311827956989244
  }
}